,entropy,corrMean,PpFloorUnderQuantile_quantile,PpKeepSpecificCells_cells_list,PpCleanHighIntraVar_how,PpCleanHighIntraVar_std_trh,PpCleanHighIntraVar_range_trh,PpCleanHighIntraVar_number_of_zeros,AggregateIntraVariance_how,PpEmpty_with_label_prop,PpEntropyBased_n_genes_per_cell,PpEntropyBased_gene_entropy_trh,PpEntropyBased_with_norm,PpEntropyBased_number_of_bins,RegressionDeconv_normalize,RegressionDeconv_result,RegressionDeconv_regr_only_positive,RegressionDeconv_regr_tol,RegressionDeconv_regr_alpha,RegressionDeconv_regr_normalize,RegressionDeconv_l1_ratio,uuid,BasicDeconv_normalize,BasicDeconv_cellMix,PpEntropyBasedOnlyLargest_n_genes_per_cell,PpEntropyBasedOnlyLargest_with_norm,PpEntropyBasedOnlyLargest_low_intra_var_trh,PpEntropyBasedOnlyLargest_number_of_bins,PpSvmSignature_n_features,PpSvmSignature_with_norm
0,,,0.1,['NOT_B,std,2,2,2,median,False,20,1,True,0,True,None,True,0.5,0.1,True,0.1,1736994416,,,,,,,,
1,,,0.1,['NOT_B,std,2,2,2,median,False,20,1,True,0,True,None,True,0.5,0.1,True,0.5,3607495608,,,,,,,,
2,,,0.1,['NOT_B,std,2,2,2,median,False,20,1,True,0,True,None,True,0.5,0.1,True,10,3608663462,,,,,,,,
3,,,0.1,['NOT_B,std,2,2,2,median,False,20,1,True,0,True,None,True,0.5,0.1,False,0.1,3609850202,,,,,,,,
4,,,0.1,['NOT_B,std,2,2,2,median,False,20,1,True,0,True,None,True,0.5,0.1,False,0.5,3611047034,,,,,,,,
5,,,0.1,['NOT_B,std,2,2,2,median,False,20,1,True,0,True,None,True,0.5,0.1,False,10,3612144074,,,,,,,,
6,,,0.1,['NOT_B,std,2,2,2,median,False,20,1,True,0,True,None,True,0.5,200,True,0.1,3613171750,,,,,,,,
7,,,0.1,['NOT_B,std,2,2,2,median,False,20,1,True,0,True,None,True,0.5,200,True,0.5,3614408006,,,,,,,,
8,,,0.1,['NOT_B,std,2,2,2,median,False,20,1,True,0,True,None,True,0.5,200,True,10,3615137262,,,,,,,,
9,,,0.1,['NOT_B,std,2,2,2,median,False,20,1,True,0,True,None,True,0.5,200,False,0.1,3615764706,,,,,,,,
10,,,0.1,['NOT_B,std,2,2,2,median,False,20,1,True,0,True,None,True,0.5,200,False,0.5,3616629726,,,,,,,,
11,,,0.1,['NOT_B,std,2,2,2,median,False,20,1,True,0,True,None,True,0.5,200,False,10,3617167112,,,,,,,,
12,,,0.1,['NOT_B,std,2,2,2,median,False,20,1,True,0,True,None,True,0.5,2000,True,0.1,3617706380,,,,,,,,
13,,,0.1,['NOT_B,std,2,2,2,median,False,20,1,True,0,True,None,True,0.5,2000,True,0.5,3618338332,,,,,,,,
14,,,0.1,['NOT_B,std,2,2,2,median,False,20,1,True,0,True,None,True,0.5,2000,True,10,3618886824,,,,,,,,
15,,,0.1,['NOT_B,std,2,2,2,median,False,20,1,True,0,True,None,True,0.5,2000,False,0.1,3619365574,,,,,,,,
16,,,0.1,['NOT_B,std,2,2,2,median,False,20,1,True,0,True,None,True,0.5,2000,False,0.5,3619894126,,,,,,,,
17,,,0.1,['NOT_B,std,2,2,2,median,False,20,1,True,0,True,None,True,0.5,2000,False,10,3620423102,,,,,,,,
18,,,0.1,['NOT_B,std,2,2,2,median,False,20,1,True,0,True,None,True,0.5,10000,True,0.1,3620901750,,,,,,,,
19,,,0.1,['NOT_B,std,2,2,2,median,False,20,1,True,0,True,None,True,0.5,10000,True,0.5,3621400100,,,,,,,,
20,,,0.1,['NOT_B,std,2,2,2,median,False,20,1,True,0,True,None,True,0.5,10000,True,10,3621880200,,,,,,,,
21,,,0.1,['NOT_B,std,2,2,2,median,False,20,1,True,0,True,None,True,0.5,10000,False,0.1,3622347938,,,,,,,,
22,,,0.1,['NOT_B,std,2,2,2,median,False,20,1,True,0,True,None,True,0.5,10000,False,0.5,3622796386,,,,,,,,
23,,,0.1,['NOT_B,std,2,2,2,median,False,20,1,True,0,True,None,True,0.5,10000,False,10,3623324974,,,,,,,,
24,,,0.1,['NOT_B,std,2,2,2,median,False,20,1,True,0,True,None,False,0.5,0.1,True,0.1,3623923430,,,,,,,,
25,,,0.1,['NOT_B,std,2,2,2,median,False,20,1,True,0,True,None,False,0.5,0.1,True,0.5,3624817472,,,,,,,,
26,,,0.1,['NOT_B,std,2,2,2,median,False,20,1,True,0,True,None,False,0.5,0.1,True,10,3625728558,,,,,,,,
27,,,0.1,['NOT_B,std,2,2,2,median,False,20,1,True,0,True,None,False,0.5,0.1,False,0.1,3626755802,,,,,,,,
28,,,0.1,['NOT_B,std,2,2,2,median,False,20,1,True,0,True,None,False,0.5,0.1,False,0.5,3627769982,,,,,,,,
29,,,0.1,['NOT_B,std,2,2,2,median,False,20,1,True,0,True,None,False,0.5,0.1,False,10,3628765794,,,,,,,,
30,,,0.1,['NOT_B,std,2,2,2,median,False,20,1,True,0,True,None,False,0.5,200,True,0.1,3629663788,,,,,,,,
31,,,0.1,['NOT_B,std,2,2,2,median,False,20,1,True,0,True,None,False,0.5,200,True,0.5,3630482918,,,,,,,,
32,,,0.1,['NOT_B,std,2,2,2,median,False,20,1,True,0,True,None,False,0.5,200,True,10,3631399322,,,,,,,,
33,,,0.1,['NOT_B,std,2,2,2,median,False,20,1,True,0,True,None,False,0.5,200,False,0.1,3632416430,,,,,,,,
34,,,0.1,['NOT_B,std,2,2,2,median,False,20,1,True,0,True,None,False,0.5,200,False,0.5,3633353908,,,,,,,,
35,,,0.1,['NOT_B,std,2,2,2,median,False,20,1,True,0,True,None,False,0.5,200,False,10,3634390772,,,,,,,,
36,,,0.1,['NOT_B,std,2,2,2,median,False,20,1,True,0,True,None,False,0.5,2000,True,0.1,3635248902,,,,,,,,
37,,,0.1,['NOT_B,std,2,2,2,median,False,20,1,True,0,True,None,False,0.5,2000,True,0.5,3636208262,,,,,,,,
38,,,0.1,['NOT_B,std,2,2,2,median,False,20,1,True,0,True,None,False,0.5,2000,True,10,3637163340,,,,,,,,
39,,,0.1,['NOT_B,std,2,2,2,median,False,20,1,True,0,True,None,False,0.5,2000,False,0.1,3638569626,,,,,,,,
40,,,0.1,['NOT_B,std,2,2,2,median,False,20,1,True,0,True,None,False,0.5,2000,False,0.5,3639566906,,,,,,,,
41,,,0.1,['NOT_B,std,2,2,2,median,False,20,1,True,0,True,None,False,0.5,2000,False,10,3640115444,,,,,,,,
42,,,0.1,['NOT_B,std,2,2,2,median,False,20,1,True,0,True,None,False,0.5,10000,True,0.1,3640538624,,,,,,,,
43,,,0.1,['NOT_B,std,2,2,2,median,False,20,1,True,0,True,None,False,0.5,10000,True,0.5,3641003878,,,,,,,,
44,,,0.1,['NOT_B,std,2,2,2,median,False,20,1,True,0,True,None,False,0.5,10000,True,10,3641501744,,,,,,,,
45,,,0.1,['NOT_B,std,2,2,2,median,False,20,1,True,0,True,None,False,0.5,10000,False,0.1,3641810896,,,,,,,,
46,,,0.1,['NOT_B,std,2,2,2,median,False,20,1,True,0,True,None,False,0.5,10000,False,0.5,3642132166,,,,,,,,
47,,,0.1,['NOT_B,std,2,2,2,median,False,20,1,True,0,True,None,False,0.5,10000,False,10,3642441598,,,,,,,,
48,1.3388546009704312,-0.057,0.1,['NOT_B,std,2,2,2,median,False,20,1,True,0,,,,,,,,3642738416,True,False,,,,,,
49,0.5034252957810988,-0.114,0.1,['NOT_B,std,2,2,2,median,False,20,1,False,0,True,None,True,0.5,0.1,True,0.1,3643029266,,,,,,,,
50,0.45877440110776574,-0.11,0.1,['NOT_B,std,2,2,2,median,False,20,1,False,0,True,None,True,0.5,0.1,True,0.5,3643957888,,,,,,,,
51,0.5571978807501838,-0.114,0.1,['NOT_B,std,2,2,2,median,False,20,1,False,0,True,None,True,0.5,0.1,True,10,3644893522,,,,,,,,
52,0.35655507363173244,-0.118,0.1,['NOT_B,std,2,2,2,median,False,20,1,False,0,True,None,True,0.5,0.1,False,0.1,3645992546,,,,,,,,
53,0.35655507363173244,-0.118,0.1,['NOT_B,std,2,2,2,median,False,20,1,False,0,True,None,True,0.5,0.1,False,0.5,3646917716,,,,,,,,
54,0.35655507363173244,-0.118,0.1,['NOT_B,std,2,2,2,median,False,20,1,False,0,True,None,True,0.5,0.1,False,10,3647840778,,,,,,,,
55,0.5518503968338576,-0.114,0.1,['NOT_B,std,2,2,2,median,False,20,1,False,0,True,None,True,0.5,200,True,0.1,3648827764,,,,,,,,
56,0.5492404864808064,-0.114,0.1,['NOT_B,std,2,2,2,median,False,20,1,False,0,True,None,True,0.5,200,True,0.5,3649745620,,,,,,,,
57,0.5068298112044657,-0.111,0.1,['NOT_B,std,2,2,2,median,False,20,1,False,0,True,None,True,0.5,200,True,10,3650682726,,,,,,,,
58,0.35655507363173244,-0.118,0.1,['NOT_B,std,2,2,2,median,False,20,1,False,0,True,None,True,0.5,200,False,0.1,3651680410,,,,,,,,
59,0.35655507363173244,-0.118,0.1,['NOT_B,std,2,2,2,median,False,20,1,False,0,True,None,True,0.5,200,False,0.5,3652109992,,,,,,,,
60,0.35655507363173244,-0.118,0.1,['NOT_B,std,2,2,2,median,False,20,1,False,0,True,None,True,0.5,200,False,10,3652567984,,,,,,,,
61,0.5458844680260715,-0.114,0.1,['NOT_B,std,2,2,2,median,False,20,1,False,0,True,None,True,0.5,2000,True,0.1,3653096624,,,,,,,,
62,0.5265277630695678,-0.112,0.1,['NOT_B,std,2,2,2,median,False,20,1,False,0,True,None,True,0.5,2000,True,0.5,3653584936,,,,,,,,
63,0.3555605632409418,-0.103,0.1,['NOT_B,std,2,2,2,median,False,20,1,False,0,True,None,True,0.5,2000,True,10,3654043712,,,,,,,,
64,0.35655507363173244,-0.118,0.1,['NOT_B,std,2,2,2,median,False,20,1,False,0,True,None,True,0.5,2000,False,0.1,3654632512,,,,,,,,
65,0.35655507363173244,-0.118,0.1,['NOT_B,std,2,2,2,median,False,20,1,False,0,True,None,True,0.5,2000,False,0.5,3655082038,,,,,,,,
66,0.35655507363173244,-0.118,0.1,['NOT_B,std,2,2,2,median,False,20,1,False,0,True,None,True,0.5,2000,False,10,3655460322,,,,,,,,
67,0.5265277630695678,-0.112,0.1,['NOT_B,std,2,2,2,median,False,20,1,False,0,True,None,True,0.5,10000,True,0.1,3655899128,,,,,,,,
68,0.42475634147145025,-0.106,0.1,['NOT_B,std,2,2,2,median,False,20,1,False,0,True,None,True,0.5,10000,True,0.5,3656228044,,,,,,,,
69,,,0.1,['NOT_B,std,2,2,2,median,False,20,1,False,0,True,None,True,0.5,10000,True,10,3656667464,,,,,,,,
70,0.35655507363173244,-0.118,0.1,['NOT_B,std,2,2,2,median,False,20,1,False,0,True,None,True,0.5,10000,False,0.1,3657106240,,,,,,,,
71,0.35655507363173244,-0.118,0.1,['NOT_B,std,2,2,2,median,False,20,1,False,0,True,None,True,0.5,10000,False,0.5,3657544732,,,,,,,,
72,0.35655507363173244,-0.118,0.1,['NOT_B,std,2,2,2,median,False,20,1,False,0,True,None,True,0.5,10000,False,10,3658008190,,,,,,,,
73,-inf,-0.12,0.1,['NOT_B,std,2,2,2,median,False,20,1,False,0,True,None,False,0.5,0.1,True,0.1,3658486628,,,,,,,,
74,-inf,-0.123,0.1,['NOT_B,std,2,2,2,median,False,20,1,False,0,True,None,False,0.5,0.1,True,0.5,3659104640,,,,,,,,
75,-inf,-0.118,0.1,['NOT_B,std,2,2,2,median,False,20,1,False,0,True,None,False,0.5,0.1,True,10,3659583322,,,,,,,,
76,-inf,-0.203,0.1,['NOT_B,std,2,2,2,median,False,20,1,False,0,True,None,False,0.5,0.1,False,0.1,3659983394,,,,,,,,
77,-inf,-0.203,0.1,['NOT_B,std,2,2,2,median,False,20,1,False,0,True,None,False,0.5,0.1,False,0.5,3660422330,,,,,,,,
78,-inf,-0.203,0.1,['NOT_B,std,2,2,2,median,False,20,1,False,0,True,None,False,0.5,0.1,False,10,3660929734,,,,,,,,
79,-inf,-0.118,0.1,['NOT_B,std,2,2,2,median,False,20,1,False,0,True,None,False,0.5,200,True,0.1,3661398480,,,,,,,,
80,-inf,-0.118,0.1,['NOT_B,std,2,2,2,median,False,20,1,False,0,True,None,False,0.5,200,True,0.5,3662127048,,,,,,,,
81,-inf,-0.112,0.1,['NOT_B,std,2,2,2,median,False,20,1,False,0,True,None,False,0.5,200,True,10,3663024624,,,,,,,,
82,-inf,-0.203,0.1,['NOT_B,std,2,2,2,median,False,20,1,False,0,True,None,False,0.5,200,False,0.1,3664031496,,,,,,,,
83,-inf,-0.203,0.1,['NOT_B,std,2,2,2,median,False,20,1,False,0,True,None,False,0.5,200,False,0.5,3664882888,,,,,,,,
84,-inf,-0.203,0.1,['NOT_B,std,2,2,2,median,False,20,1,False,0,True,None,False,0.5,200,False,10,3665876534,,,,,,,,
85,-inf,-0.118,0.1,['NOT_B,std,2,2,2,median,False,20,1,False,0,True,None,False,0.5,2000,True,0.1,3666705606,,,,,,,,
86,-inf,-0.114,0.1,['NOT_B,std,2,2,2,median,False,20,1,False,0,True,None,False,0.5,2000,True,0.5,3667591934,,,,,,,,
87,0.3555605632409418,-0.103,0.1,['NOT_B,std,2,2,2,median,False,20,1,False,0,True,None,False,0.5,2000,True,10,3668531100,,,,,,,,
88,-inf,-0.203,0.1,['NOT_B,std,2,2,2,median,False,20,1,False,0,True,None,False,0.5,2000,False,0.1,3669456994,,,,,,,,
89,-inf,-0.203,0.1,['NOT_B,std,2,2,2,median,False,20,1,False,0,True,None,False,0.5,2000,False,0.5,3670434420,,,,,,,,
90,-inf,-0.203,0.1,['NOT_B,std,2,2,2,median,False,20,1,False,0,True,None,False,0.5,2000,False,10,3671491512,,,,,,,,
91,-inf,-0.114,0.1,['NOT_B,std,2,2,2,median,False,20,1,False,0,True,None,False,0.5,10000,True,0.1,3672319752,,,,,,,,
92,0.42566629404750195,-0.106,0.1,['NOT_B,std,2,2,2,median,False,20,1,False,0,True,None,False,0.5,10000,True,0.5,3673063500,,,,,,,,
93,,,0.1,['NOT_B,std,2,2,2,median,False,20,1,False,0,True,None,False,0.5,10000,True,10,3673492370,,,,,,,,
94,-inf,-0.203,0.1,['NOT_B,std,2,2,2,median,False,20,1,False,0,True,None,False,0.5,10000,False,0.1,3673881332,,,,,,,,
95,-inf,-0.203,0.1,['NOT_B,std,2,2,2,median,False,20,1,False,0,True,None,False,0.5,10000,False,0.5,3674281368,,,,,,,,
96,-inf,-0.203,0.1,['NOT_B,std,2,2,2,median,False,20,1,False,0,True,None,False,0.5,10000,False,10,3674709468,,,,,,,,
97,0.33359088726720054,-0.125,0.1,['NOT_B,std,2,2,2,median,False,20,1,False,0,,,,,,,,3675157906,True,False,,,,,,
98,,,0.1,['NOT_B,std,2,2,2,median,False,,,,,True,None,True,0.5,0.1,True,0.1,3675616678,,,20,True,None,0,,
99,,,0.1,['NOT_B,std,2,2,2,median,False,,,,,True,None,True,0.5,0.1,True,0.5,3676085452,,,20,True,None,0,,
100,,,0.1,['NOT_B,std,2,2,2,median,False,,,,,True,None,True,0.5,0.1,True,10,3676584482,,,20,True,None,0,,
101,,,0.1,['NOT_B,std,2,2,2,median,False,,,,,True,None,True,0.5,0.1,False,0.1,3677073080,,,20,True,None,0,,
102,,,0.1,['NOT_B,std,2,2,2,median,False,,,,,True,None,True,0.5,0.1,False,0.5,3677561526,,,20,True,None,0,,
103,,,0.1,['NOT_B,std,2,2,2,median,False,,,,,True,None,True,0.5,0.1,False,10,3678030214,,,20,True,None,0,,
104,,,0.1,['NOT_B,std,2,2,2,median,False,,,,,True,None,True,0.5,200,True,0.1,3678489032,,,20,True,None,0,,
105,,,0.1,['NOT_B,std,2,2,2,median,False,,,,,True,None,True,0.5,200,True,0.5,3679018004,,,20,True,None,0,,
106,,,0.1,['NOT_B,std,2,2,2,median,False,,,,,True,None,True,0.5,200,True,10,3679516236,,,20,True,None,0,,
107,,,0.1,['NOT_B,std,2,2,2,median,False,,,,,True,None,True,0.5,200,False,0.1,3679965050,,,20,True,None,0,,
108,,,0.1,['NOT_B,std,2,2,2,median,False,,,,,True,None,True,0.5,200,False,0.5,3680414242,,,20,True,None,0,,
109,,,0.1,['NOT_B,std,2,2,2,median,False,,,,,True,None,True,0.5,200,False,10,3680943578,,,20,True,None,0,,
110,,,0.1,['NOT_B,std,2,2,2,median,False,,,,,True,None,True,0.5,2000,True,0.1,3681431144,,,20,True,None,0,,
111,,,0.1,['NOT_B,std,2,2,2,median,False,,,,,True,None,True,0.5,2000,True,0.5,3681970596,,,20,True,None,0,,
112,,,0.1,['NOT_B,std,2,2,2,median,False,,,,,True,None,True,0.5,2000,True,10,3682338694,,,20,True,None,0,,
113,,,0.1,['NOT_B,std,2,2,2,median,False,,,,,True,None,True,0.5,2000,False,0.1,3682778298,,,20,True,None,0,,
114,,,0.1,['NOT_B,std,2,2,2,median,False,,,,,True,None,True,0.5,2000,False,0.5,3683535542,,,20,True,None,0,,
115,,,0.1,['NOT_B,std,2,2,2,median,False,,,,,True,None,True,0.5,2000,False,10,3684473096,,,20,True,None,0,,
116,,,0.1,['NOT_B,std,2,2,2,median,False,,,,,True,None,True,0.5,10000,True,0.1,3685407278,,,20,True,None,0,,
117,,,0.1,['NOT_B,std,2,2,2,median,False,,,,,True,None,True,0.5,10000,True,0.5,3686238768,,,20,True,None,0,,
118,,,0.1,['NOT_B,std,2,2,2,median,False,,,,,True,None,True,0.5,10000,True,10,3687125990,,,20,True,None,0,,
119,,,0.1,['NOT_B,std,2,2,2,median,False,,,,,True,None,True,0.5,10000,False,0.1,3688013540,,,20,True,None,0,,
120,,,0.1,['NOT_B,std,2,2,2,median,False,,,,,True,None,True,0.5,10000,False,0.5,3688971054,,,20,True,None,0,,
121,,,0.1,['NOT_B,std,2,2,2,median,False,,,,,True,None,True,0.5,10000,False,10,3689748928,,,20,True,None,0,,
122,,,0.1,['NOT_B,std,2,2,2,median,False,,,,,True,None,False,0.5,0.1,True,0.1,3690596724,,,20,True,None,0,,
123,,,0.1,['NOT_B,std,2,2,2,median,False,,,,,True,None,False,0.5,0.1,True,0.5,3691484258,,,20,True,None,0,,
124,,,0.1,['NOT_B,std,2,2,2,median,False,,,,,True,None,False,0.5,0.1,True,10,3692382352,,,20,True,None,0,,
125,,,0.1,['NOT_B,std,2,2,2,median,False,,,,,True,None,False,0.5,0.1,False,0.1,3693324158,,,20,True,None,0,,
126,,,0.1,['NOT_B,std,2,2,2,median,False,,,,,True,None,False,0.5,0.1,False,0.5,3694211660,,,20,True,None,0,,
127,,,0.1,['NOT_B,std,2,2,2,median,False,,,,,True,None,False,0.5,0.1,False,10,3695088948,,,20,True,None,0,,
128,,,0.1,['NOT_B,std,2,2,2,median,False,,,,,True,None,False,0.5,200,True,0.1,3695996504,,,20,True,None,0,,
129,,,0.1,['NOT_B,std,2,2,2,median,False,,,,,True,None,False,0.5,200,True,0.5,3696824312,,,20,True,None,0,,
130,,,0.1,['NOT_B,std,2,2,2,median,False,,,,,True,None,False,0.5,200,True,10,3697701946,,,20,True,None,0,,
131,,,0.1,['NOT_B,std,2,2,2,median,False,,,,,True,None,False,0.5,200,False,0.1,3698607716,,,20,True,None,0,,
132,,,0.1,['NOT_B,std,2,2,2,median,False,,,,,True,None,False,0.5,200,False,0.5,3699474822,,,20,True,None,0,,
133,,,0.1,['NOT_B,std,2,2,2,median,False,,,,,True,None,False,0.5,200,False,10,3700287770,,,20,True,None,0,,
134,,,0.1,['NOT_B,std,2,2,2,median,False,,,,,True,None,False,0.5,2000,True,0.1,3701192016,,,20,True,None,0,,
135,,,0.1,['NOT_B,std,2,2,2,median,False,,,,,True,None,False,0.5,2000,True,0.5,3702067806,,,20,True,None,0,,
136,,,0.1,['NOT_B,std,2,2,2,median,False,,,,,True,None,False,0.5,2000,True,10,3702865790,,,20,True,None,0,,
137,,,0.1,['NOT_B,std,2,2,2,median,False,,,,,True,None,False,0.5,2000,False,0.1,3703730182,,,20,True,None,0,,
138,,,0.1,['NOT_B,std,2,2,2,median,False,,,,,True,None,False,0.5,2000,False,0.5,3704808804,,,20,True,None,0,,
139,,,0.1,['NOT_B,std,2,2,2,median,False,,,,,True,None,False,0.5,2000,False,10,3705764550,,,20,True,None,0,,
140,,,0.1,['NOT_B,std,2,2,2,median,False,,,,,True,None,False,0.5,10000,True,0.1,3706542584,,,20,True,None,0,,
141,,,0.1,['NOT_B,std,2,2,2,median,False,,,,,True,None,False,0.5,10000,True,0.5,3707011206,,,20,True,None,0,,
142,,,0.1,['NOT_B,std,2,2,2,median,False,,,,,True,None,False,0.5,10000,True,10,3707349936,,,20,True,None,0,,
143,,,0.1,['NOT_B,std,2,2,2,median,False,,,,,True,None,False,0.5,10000,False,0.1,3707758866,,,20,True,None,0,,
144,,,0.1,['NOT_B,std,2,2,2,median,False,,,,,True,None,False,0.5,10000,False,0.5,3708270848,,,20,True,None,0,,
145,,,0.1,['NOT_B,std,2,2,2,median,False,,,,,True,None,False,0.5,10000,False,10,3708849316,,,20,True,None,0,,
146,1.3732127886964716,-0.16,0.1,['NOT_B,std,2,2,2,median,False,,,,,,,,,,,,3709816722,True,False,20,True,None,0,,
147,0.8142877636378855,0.002,0.1,['NOT_B,std,2,2,2,median,False,,,,,True,None,True,0.5,0.1,True,0.1,3710534874,,,20,False,None,0,,
148,0.777761144892978,0.005,0.1,['NOT_B,std,2,2,2,median,False,,,,,True,None,True,0.5,0.1,True,0.5,3711382590,,,20,False,None,0,,
149,0.9038464461926596,-0.004,0.1,['NOT_B,std,2,2,2,median,False,,,,,True,None,True,0.5,0.1,True,10,3712270594,,,20,False,None,0,,
150,0.5575769948799326,0.002,0.1,['NOT_B,std,2,2,2,median,False,,,,,True,None,True,0.5,0.1,False,0.1,3713228088,,,20,False,None,0,,
151,0.5575769948799326,0.002,0.1,['NOT_B,std,2,2,2,median,False,,,,,True,None,True,0.5,0.1,False,0.5,3714125228,,,20,False,None,0,,
152,0.5575769948799326,0.002,0.1,['NOT_B,std,2,2,2,median,False,,,,,True,None,True,0.5,0.1,False,10,3715082668,,,20,False,None,0,,
153,0.8947570455712416,-0.004,0.1,['NOT_B,std,2,2,2,median,False,,,,,True,None,True,0.5,200,True,0.1,3716169756,,,20,False,None,0,,
154,0.8858857599177377,-0.002,0.1,['NOT_B,std,2,2,2,median,False,,,,,True,None,True,0.5,200,True,0.5,3717097288,,,20,False,None,0,,
155,0.764027718173185,0.022,0.1,['NOT_B,std,2,2,2,median,False,,,,,True,None,True,0.5,200,True,10,3717965000,,,20,False,None,0,,
156,0.5575769948799326,0.002,0.1,['NOT_B,std,2,2,2,median,False,,,,,True,None,True,0.5,200,False,0.1,3718902456,,,20,False,None,0,,
157,0.5575769948799326,0.002,0.1,['NOT_B,std,2,2,2,median,False,,,,,True,None,True,0.5,200,False,0.5,3719801674,,,20,False,None,0,,
158,0.5575769948799326,0.002,0.1,['NOT_B,std,2,2,2,median,False,,,,,True,None,True,0.5,200,False,10,3720608448,,,20,False,None,0,,
159,0.8756583780634108,-0.002,0.1,['NOT_B,std,2,2,2,median,False,,,,,True,None,True,0.5,2000,True,0.1,3721615216,,,20,False,None,0,,
160,0.8168407152805407,0.009,0.1,['NOT_B,std,2,2,2,median,False,,,,,True,None,True,0.5,2000,True,0.5,3722507018,,,20,False,None,0,,
161,0.08400811173240622,0.35,0.1,['NOT_B,std,2,2,2,median,False,,,,,True,None,True,0.5,2000,True,10,3723463664,,,20,False,None,0,,
162,0.5575769948799326,0.002,0.1,['NOT_B,std,2,2,2,median,False,,,,,True,None,True,0.5,2000,False,0.1,3724299472,,,20,False,None,0,,
163,0.5575769948799326,0.002,0.1,['NOT_B,std,2,2,2,median,False,,,,,True,None,True,0.5,2000,False,0.5,3725247308,,,20,False,None,0,,
164,0.5575769948799326,0.002,0.1,['NOT_B,std,2,2,2,median,False,,,,,True,None,True,0.5,2000,False,10,3726087296,,,20,False,None,0,,
165,0.8168407152805407,0.009,0.1,['NOT_B,std,2,2,2,median,False,,,,,True,None,True,0.5,10000,True,0.1,3727000838,,,20,False,None,0,,
166,0.58493266145791,0.061,0.1,['NOT_B,std,2,2,2,median,False,,,,,True,None,True,0.5,10000,True,0.5,3727949480,,,20,False,None,0,,
167,,,0.1,['NOT_B,std,2,2,2,median,False,,,,,True,None,True,0.5,10000,True,10,3728936102,,,20,False,None,0,,
168,0.5575769948799326,0.002,0.1,['NOT_B,std,2,2,2,median,False,,,,,True,None,True,0.5,10000,False,0.1,3729964114,,,20,False,None,0,,
169,0.5575769948799326,0.002,0.1,['NOT_B,std,2,2,2,median,False,,,,,True,None,True,0.5,10000,False,0.5,3730451558,,,20,False,None,0,,
170,0.5575769948799326,0.002,0.1,['NOT_B,std,2,2,2,median,False,,,,,True,None,True,0.5,10000,False,10,3730800630,,,20,False,None,0,,
171,-inf,0.004,0.1,['NOT_B,std,2,2,2,median,False,,,,,True,None,False,0.5,0.1,True,0.1,3731239460,,,20,False,None,0,,
172,-inf,0.002,0.1,['NOT_B,std,2,2,2,median,False,,,,,True,None,False,0.5,0.1,True,0.5,3731708582,,,20,False,None,0,,
173,-inf,0.004,0.1,['NOT_B,std,2,2,2,median,False,,,,,True,None,False,0.5,0.1,True,10,3732147400,,,20,False,None,0,,
174,-inf,-0.136,0.1,['NOT_B,std,2,2,2,median,False,,,,,True,None,False,0.5,0.1,False,0.1,3732795346,,,20,False,None,0,,
175,-inf,-0.136,0.1,['NOT_B,std,2,2,2,median,False,,,,,True,None,False,0.5,0.1,False,0.5,3733517452,,,20,False,None,0,,
176,-inf,-0.136,0.1,['NOT_B,std,2,2,2,median,False,,,,,True,None,False,0.5,0.1,False,10,3734406470,,,20,False,None,0,,
177,-inf,0.006,0.1,['NOT_B,std,2,2,2,median,False,,,,,True,None,False,0.5,200,True,0.1,3735344440,,,20,False,None,0,,
178,-inf,0.006,0.1,['NOT_B,std,2,2,2,median,False,,,,,True,None,False,0.5,200,True,0.5,3736440024,,,20,False,None,0,,
179,-inf,0.021,0.1,['NOT_B,std,2,2,2,median,False,,,,,True,None,False,0.5,200,True,10,3737427578,,,20,False,None,0,,
180,-inf,-0.136,0.1,['NOT_B,std,2,2,2,median,False,,,,,True,None,False,0.5,200,False,0.1,3738484486,,,20,False,None,0,,
181,-inf,-0.136,0.1,['NOT_B,std,2,2,2,median,False,,,,,True,None,False,0.5,200,False,0.5,3739351842,,,20,False,None,0,,
182,-inf,-0.136,0.1,['NOT_B,std,2,2,2,median,False,,,,,True,None,False,0.5,200,False,10,3740289338,,,20,False,None,0,,
183,-inf,0.007,0.1,['NOT_B,std,2,2,2,median,False,,,,,True,None,False,0.5,2000,True,0.1,3741336926,,,20,False,None,0,,
184,-inf,0.012,0.1,['NOT_B,std,2,2,2,median,False,,,,,True,None,False,0.5,2000,True,0.5,3742134690,,,20,False,None,0,,
185,0.08400811173240622,0.35,0.1,['NOT_B,std,2,2,2,median,False,,,,,True,None,False,0.5,2000,True,10,3742575244,,,20,False,None,0,,
186,-inf,-0.136,0.1,['NOT_B,std,2,2,2,median,False,,,,,True,None,False,0.5,2000,False,0.1,3742882344,,,20,False,None,0,,
187,-inf,-0.136,0.1,['NOT_B,std,2,2,2,median,False,,,,,True,None,False,0.5,2000,False,0.5,3743271266,,,20,False,None,0,,
188,-inf,-0.136,0.1,['NOT_B,std,2,2,2,median,False,,,,,True,None,False,0.5,2000,False,10,3743631176,,,20,False,None,0,,
189,-inf,0.012,0.1,['NOT_B,std,2,2,2,median,False,,,,,True,None,False,0.5,10000,True,0.1,3743950080,,,20,False,None,0,,
190,0.58493266145791,0.061,0.1,['NOT_B,std,2,2,2,median,False,,,,,True,None,False,0.5,10000,True,0.5,3744348748,,,20,False,None,0,,
191,,,0.1,['NOT_B,std,2,2,2,median,False,,,,,True,None,False,0.5,10000,True,10,3744887302,,,20,False,None,0,,
192,-inf,-0.136,0.1,['NOT_B,std,2,2,2,median,False,,,,,True,None,False,0.5,10000,False,0.1,3745415564,,,20,False,None,0,,
193,-inf,-0.136,0.1,['NOT_B,std,2,2,2,median,False,,,,,True,None,False,0.5,10000,False,0.5,3746004032,,,20,False,None,0,,
194,-inf,-0.136,0.1,['NOT_B,std,2,2,2,median,False,,,,,True,None,False,0.5,10000,False,10,3746742474,,,20,False,None,0,,
195,0.529182376999958,-0.029,0.1,['NOT_B,std,2,2,2,median,False,,,,,,,,,,,,3747629714,True,False,20,False,None,0,,
196,1.1807494376848071,-0.117,0.1,['NOT_B,std,2,2,2,median,False,,,,,True,None,True,0.5,0.1,True,0.1,3748607464,,,,,,,20,False
197,0.7672823322243483,-0.124,0.1,['NOT_B,std,2,2,2,median,False,,,,,True,None,True,0.5,0.1,True,0.5,3749395390,,,,,,,20,False
198,1.6359303097433435,-0.161,0.1,['NOT_B,std,2,2,2,median,False,,,,,True,None,True,0.5,0.1,True,10,3750162908,,,,,,,20,False
199,0.1180215892950146,-0.165,0.1,['NOT_B,std,2,2,2,median,False,,,,,True,None,True,0.5,0.1,False,0.1,3751130360,,,,,,,20,False
200,0.1180215892950146,-0.165,0.1,['NOT_B,std,2,2,2,median,False,,,,,True,None,True,0.5,0.1,False,0.5,3752017912,,,,,,,20,False
201,0.1180215892950146,-0.165,0.1,['NOT_B,std,2,2,2,median,False,,,,,True,None,True,0.5,0.1,False,10,3752736018,,,,,,,20,False
202,1.4207298588202544,-0.144,0.1,['NOT_B,std,2,2,2,median,False,,,,,True,None,True,0.5,200,True,0.1,3753519348,,,,,,,20,False
203,1.420569166558278,-0.144,0.1,['NOT_B,std,2,2,2,median,False,,,,,True,None,True,0.5,200,True,0.5,3754436492,,,,,,,20,False
204,1.420904378961049,-0.144,0.1,['NOT_B,std,2,2,2,median,False,,,,,True,None,True,0.5,200,True,10,3755407296,,,,,,,20,False
205,0.1180215892950146,-0.165,0.1,['NOT_B,std,2,2,2,median,False,,,,,True,None,True,0.5,200,False,0.1,3756351322,,,,,,,20,False
206,0.1180215892950146,-0.165,0.1,['NOT_B,std,2,2,2,median,False,,,,,True,None,True,0.5,200,False,0.5,3757079454,,,,,,,20,False
207,0.1180215892950146,-0.165,0.1,['NOT_B,std,2,2,2,median,False,,,,,True,None,True,0.5,200,False,10,3758026842,,,,,,,20,False
208,1.420904378961049,-0.144,0.1,['NOT_B,std,2,2,2,median,False,,,,,True,None,True,0.5,2000,True,0.1,3758835218,,,,,,,20,False
209,1.420904378961049,-0.144,0.1,['NOT_B,std,2,2,2,median,False,,,,,True,None,True,0.5,2000,True,0.5,3759732340,,,,,,,20,False
210,1.4211595402117283,-0.143,0.1,['NOT_B,std,2,2,2,median,False,,,,,True,None,True,0.5,2000,True,10,3760680218,,,,,,,20,False
211,0.1180215892950146,-0.165,0.1,['NOT_B,std,2,2,2,median,False,,,,,True,None,True,0.5,2000,False,0.1,3761517942,,,,,,,20,False
212,0.1180215892950146,-0.165,0.1,['NOT_B,std,2,2,2,median,False,,,,,True,None,True,0.5,2000,False,0.5,3762415564,,,,,,,20,False
213,0.1180215892950146,-0.165,0.1,['NOT_B,std,2,2,2,median,False,,,,,True,None,True,0.5,2000,False,10,3763161536,,,,,,,20,False
214,1.420904378961049,-0.144,0.1,['NOT_B,std,2,2,2,median,False,,,,,True,None,True,0.5,10000,True,0.1,3763967924,,,,,,,20,False
215,1.420904378961049,-0.144,0.1,['NOT_B,std,2,2,2,median,False,,,,,True,None,True,0.5,10000,True,0.5,3764771444,,,,,,,20,False
216,1.422129167114013,-0.144,0.1,['NOT_B,std,2,2,2,median,False,,,,,True,None,True,0.5,10000,True,10,3765583614,,,,,,,20,False
217,0.1180215892950146,-0.165,0.1,['NOT_B,std,2,2,2,median,False,,,,,True,None,True,0.5,10000,False,0.1,3766332666,,,,,,,20,False
218,0.1180215892950146,-0.165,0.1,['NOT_B,std,2,2,2,median,False,,,,,True,None,True,0.5,10000,False,0.5,3767109982,,,,,,,20,False
219,0.1180215892950146,-0.165,0.1,['NOT_B,std,2,2,2,median,False,,,,,True,None,True,0.5,10000,False,10,3767727848,,,,,,,20,False
220,-inf,-0.095,0.1,['NOT_B,std,2,2,2,median,False,,,,,True,None,False,0.5,0.1,True,0.1,3768120402,,,,,,,20,False
221,-inf,-0.123,0.1,['NOT_B,std,2,2,2,median,False,,,,,True,None,False,0.5,0.1,True,0.5,3768550452,,,,,,,20,False
222,1.6359303097433435,-0.161,0.1,['NOT_B,std,2,2,2,median,False,,,,,True,None,False,0.5,0.1,True,10,3769019264,,,,,,,20,False
223,-inf,-0.157,0.1,['NOT_B,std,2,2,2,median,False,,,,,True,None,False,0.5,0.1,False,0.1,3769526952,,,,,,,20,False
224,-inf,-0.157,0.1,['NOT_B,std,2,2,2,median,False,,,,,True,None,False,0.5,0.1,False,0.5,3769915916,,,,,,,20,False
225,-inf,-0.157,0.1,['NOT_B,std,2,2,2,median,False,,,,,True,None,False,0.5,0.1,False,10,3770237532,,,,,,,20,False
226,1.4207298588202544,-0.144,0.1,['NOT_B,std,2,2,2,median,False,,,,,True,None,False,0.5,200,True,0.1,3770663576,,,,,,,20,False
227,1.420569166558278,-0.144,0.1,['NOT_B,std,2,2,2,median,False,,,,,True,None,False,0.5,200,True,0.5,3771133494,,,,,,,20,False
228,1.420904378961049,-0.144,0.1,['NOT_B,std,2,2,2,median,False,,,,,True,None,False,0.5,200,True,10,3771551208,,,,,,,20,False
229,-inf,-0.157,0.1,['NOT_B,std,2,2,2,median,False,,,,,True,None,False,0.5,200,False,0.1,3771970688,,,,,,,20,False
230,-inf,-0.157,0.1,['NOT_B,std,2,2,2,median,False,,,,,True,None,False,0.5,200,False,0.5,3772379804,,,,,,,20,False
231,-inf,-0.157,0.1,['NOT_B,std,2,2,2,median,False,,,,,True,None,False,0.5,200,False,10,3772788086,,,,,,,20,False
232,1.420904378961049,-0.144,0.1,['NOT_B,std,2,2,2,median,False,,,,,True,None,False,0.5,2000,True,0.1,3773277020,,,,,,,20,False
233,1.420904378961049,-0.144,0.1,['NOT_B,std,2,2,2,median,False,,,,,True,None,False,0.5,2000,True,0.5,3773627024,,,,,,,20,False
234,1.4211595402117283,-0.143,0.1,['NOT_B,std,2,2,2,median,False,,,,,True,None,False,0.5,2000,True,10,3773984704,,,,,,,20,False
235,-inf,-0.157,0.1,['NOT_B,std,2,2,2,median,False,,,,,True,None,False,0.5,2000,False,0.1,3774373696,,,,,,,20,False
236,-inf,-0.157,0.1,['NOT_B,std,2,2,2,median,False,,,,,True,None,False,0.5,2000,False,0.5,3774932178,,,,,,,20,False
237,-inf,-0.157,0.1,['NOT_B,std,2,2,2,median,False,,,,,True,None,False,0.5,2000,False,10,3775600436,,,,,,,20,False
238,1.420904378961049,-0.144,0.1,['NOT_B,std,2,2,2,median,False,,,,,True,None,False,0.5,10000,True,0.1,3776050164,,,,,,,20,False
239,1.420904378961049,-0.144,0.1,['NOT_B,std,2,2,2,median,False,,,,,True,None,False,0.5,10000,True,0.5,3776468068,,,,,,,20,False
240,1.422129167114013,-0.144,0.1,['NOT_B,std,2,2,2,median,False,,,,,True,None,False,0.5,10000,True,10,3776867848,,,,,,,20,False
241,-inf,-0.157,0.1,['NOT_B,std,2,2,2,median,False,,,,,True,None,False,0.5,10000,False,0.1,3777296744,,,,,,,20,False
242,-inf,-0.157,0.1,['NOT_B,std,2,2,2,median,False,,,,,True,None,False,0.5,10000,False,0.5,3777734680,,,,,,,20,False
243,-inf,-0.157,0.1,['NOT_B,std,2,2,2,median,False,,,,,True,None,False,0.5,10000,False,10,3778004226,,,,,,,20,False
244,0.21303504756844693,-0.147,0.1,['NOT_B,std,2,2,2,median,False,,,,,,,,,,,,3778313164,True,False,,,,,20,False
245,,,0.1,['NOT_B,std,2,2,2,median,False,,,,,True,None,True,0.5,0.1,True,0.1,3778672542,,,,,,,20,True
246,,,0.1,['NOT_B,std,2,2,2,median,False,,,,,True,None,True,0.5,0.1,True,0.5,3779021254,,,,,,,20,True
247,,,0.1,['NOT_B,std,2,2,2,median,False,,,,,True,None,True,0.5,0.1,True,10,3779300508,,,,,,,20,True
248,,,0.1,['NOT_B,std,2,2,2,median,False,,,,,True,None,True,0.5,0.1,False,0.1,3779650040,,,,,,,20,True
249,,,0.1,['NOT_B,std,2,2,2,median,False,,,,,True,None,True,0.5,0.1,False,0.5,3779909104,,,,,,,20,True
250,,,0.1,['NOT_B,std,2,2,2,median,False,,,,,True,None,True,0.5,0.1,False,10,3780178170,,,,,,,20,True
251,,,0.1,['NOT_B,std,2,2,2,median,False,,,,,True,None,True,0.5,200,True,0.1,3780447448,,,,,,,20,True
252,,,0.1,['NOT_B,std,2,2,2,median,False,,,,,True,None,True,0.5,200,True,0.5,3780693172,,,,,,,20,True
253,,,0.1,['NOT_B,std,2,2,2,median,False,,,,,True,None,True,0.5,200,True,10,3781006580,,,,,,,20,True
254,,,0.1,['NOT_B,std,2,2,2,median,False,,,,,True,None,True,0.5,200,False,0.1,3781305140,,,,,,,20,True
255,,,0.1,['NOT_B,std,2,2,2,median,False,,,,,True,None,True,0.5,200,False,0.5,3781615174,,,,,,,20,True
256,,,0.1,['NOT_B,std,2,2,2,median,False,,,,,True,None,True,0.5,200,False,10,3781863650,,,,,,,20,True
257,,,0.1,['NOT_B,std,2,2,2,median,False,,,,,True,None,True,0.5,2000,True,0.1,3782112966,,,,,,,20,True
258,,,0.1,['NOT_B,std,2,2,2,median,False,,,,,True,None,True,0.5,2000,True,0.5,3782362322,,,,,,,20,True
259,,,0.1,['NOT_B,std,2,2,2,median,False,,,,,True,None,True,0.5,2000,True,10,3782734684,,,,,,,20,True
260,,,0.1,['NOT_B,std,2,2,2,median,False,,,,,True,None,True,0.5,2000,False,0.1,3783155544,,,,,,,20,True
261,,,0.1,['NOT_B,std,2,2,2,median,False,,,,,True,None,True,0.5,2000,False,0.5,3783605160,,,,,,,20,True
262,,,0.1,['NOT_B,std,2,2,2,median,False,,,,,True,None,True,0.5,2000,False,10,3784379208,,,,,,,20,True
263,,,0.1,['NOT_B,std,2,2,2,median,False,,,,,True,None,True,0.5,10000,True,0.1,3785272112,,,,,,,20,True
264,,,0.1,['NOT_B,std,2,2,2,median,False,,,,,True,None,True,0.5,10000,True,0.5,3786037832,,,,,,,20,True
265,,,0.1,['NOT_B,std,2,2,2,median,False,,,,,True,None,True,0.5,10000,True,10,3786866078,,,,,,,20,True
266,,,0.1,['NOT_B,std,2,2,2,median,False,,,,,True,None,True,0.5,10000,False,0.1,3787834844,,,,,,,20,True
267,,,0.1,['NOT_B,std,2,2,2,median,False,,,,,True,None,True,0.5,10000,False,0.5,3788656842,,,,,,,20,True
268,,,0.1,['NOT_B,std,2,2,2,median,False,,,,,True,None,True,0.5,10000,False,10,3789475428,,,,,,,20,True
269,,,0.1,['NOT_B,std,2,2,2,median,False,,,,,True,None,False,0.5,0.1,True,0.1,3790323664,,,,,,,20,True
270,,,0.1,['NOT_B,std,2,2,2,median,False,,,,,True,None,False,0.5,0.1,True,0.5,3791159706,,,,,,,20,True
271,,,0.1,['NOT_B,std,2,2,2,median,False,,,,,True,None,False,0.5,0.1,True,10,3792107188,,,,,,,20,True
272,,,0.1,['NOT_B,std,2,2,2,median,False,,,,,True,None,False,0.5,0.1,False,0.1,3792845632,,,,,,,20,True
273,,,0.1,['NOT_B,std,2,2,2,median,False,,,,,True,None,False,0.5,0.1,False,0.5,3793539354,,,,,,,20,True
274,,,0.1,['NOT_B,std,2,2,2,median,False,,,,,True,None,False,0.5,0.1,False,10,3793969144,,,,,,,20,True
275,,,0.1,['NOT_B,std,2,2,2,median,False,,,,,True,None,False,0.5,200,True,0.1,3794396716,,,,,,,20,True
276,,,0.1,['NOT_B,std,2,2,2,median,False,,,,,True,None,False,0.5,200,True,0.5,3794855460,,,,,,,20,True
277,,,0.1,['NOT_B,std,2,2,2,median,False,,,,,True,None,False,0.5,200,True,10,3795244410,,,,,,,20,True
278,,,0.1,['NOT_B,std,2,2,2,median,False,,,,,True,None,False,0.5,200,False,0.1,3795576372,,,,,,,20,True
279,,,0.1,['NOT_B,std,2,2,2,median,False,,,,,True,None,False,0.5,200,False,0.5,3795952840,,,,,,,20,True
280,,,0.1,['NOT_B,std,2,2,2,median,False,,,,,True,None,False,0.5,200,False,10,3796222080,,,,,,,20,True
281,,,0.1,['NOT_B,std,2,2,2,median,False,,,,,True,None,False,0.5,2000,True,0.1,3796530970,,,,,,,20,True
282,,,0.1,['NOT_B,std,2,2,2,median,False,,,,,True,None,False,0.5,2000,True,0.5,3796929932,,,,,,,20,True
283,,,0.1,['NOT_B,std,2,2,2,median,False,,,,,True,None,False,0.5,2000,True,10,3797378742,,,,,,,20,True
284,,,0.1,['NOT_B,std,2,2,2,median,False,,,,,True,None,False,0.5,2000,False,0.1,3797847848,,,,,,,20,True
285,,,0.1,['NOT_B,std,2,2,2,median,False,,,,,True,None,False,0.5,2000,False,0.5,3798162168,,,,,,,20,True
286,,,0.1,['NOT_B,std,2,2,2,median,False,,,,,True,None,False,0.5,2000,False,10,3798440028,,,,,,,20,True
287,,,0.1,['NOT_B,std,2,2,2,median,False,,,,,True,None,False,0.5,10000,True,0.1,3798709306,,,,,,,20,True
288,,,0.1,['NOT_B,std,2,2,2,median,False,,,,,True,None,False,0.5,10000,True,0.5,3799048756,,,,,,,20,True
289,,,0.1,['NOT_B,std,2,2,2,median,False,,,,,True,None,False,0.5,10000,True,10,3799387530,,,,,,,20,True
290,,,0.1,['NOT_B,std,2,2,2,median,False,,,,,True,None,False,0.5,10000,False,0.1,3799856286,,,,,,,20,True
291,,,0.1,['NOT_B,std,2,2,2,median,False,,,,,True,None,False,0.5,10000,False,0.5,3800265196,,,,,,,20,True
292,,,0.1,['NOT_B,std,2,2,2,median,False,,,,,True,None,False,0.5,10000,False,10,3800704024,,,,,,,20,True
293,0.705917907177042,0.227,0.1,['NOT_B,std,2,2,2,median,False,,,,,,,,,,,,3801172726,True,False,,,,,20,True
294,1.4749084735159428,-0.107,0.1,['NOT_B,std,2,2,2,median,False,,,,,True,None,True,0.5,0.1,True,0.1,3801621576,,,,,,,,
295,1.4743130640569828,-0.107,0.1,['NOT_B,std,2,2,2,median,False,,,,,True,None,True,0.5,0.1,True,0.5,3802041300,,,,,,,,
296,1.4764204705145243,-0.108,0.1,['NOT_B,std,2,2,2,median,False,,,,,True,None,True,0.5,0.1,True,10,3802479240,,,,,,,,
297,0.3663321561632418,-0.136,0.1,['NOT_B,std,2,2,2,median,False,,,,,True,None,True,0.5,0.1,False,0.1,3802938000,,,,,,,,
298,0.3663321561632418,-0.136,0.1,['NOT_B,std,2,2,2,median,False,,,,,True,None,True,0.5,0.1,False,0.5,3803365046,,,,,,,,
299,0.3663321561632418,-0.136,0.1,['NOT_B,std,2,2,2,median,False,,,,,True,None,True,0.5,0.1,False,10,3803875868,,,,,,,,
300,1.4762334561870047,-0.108,0.1,['NOT_B,std,2,2,2,median,False,,,,,True,None,True,0.5,200,True,0.1,3804277568,,,,,,,,
301,1.4762334561870047,-0.108,0.1,['NOT_B,std,2,2,2,median,False,,,,,True,None,True,0.5,200,True,0.5,3804673410,,,,,,,,
302,1.4765743361003258,-0.107,0.1,['NOT_B,std,2,2,2,median,False,,,,,True,None,True,0.5,200,True,10,3805122188,,,,,,,,
303,0.3663321561632418,-0.136,0.1,['NOT_B,std,2,2,2,median,False,,,,,True,None,True,0.5,200,False,0.1,3805481554,,,,,,,,
304,0.3663321561632418,-0.136,0.1,['NOT_B,std,2,2,2,median,False,,,,,True,None,True,0.5,200,False,0.5,3805921070,,,,,,,,
305,0.3663321561632418,-0.136,0.1,['NOT_B,std,2,2,2,median,False,,,,,True,None,True,0.5,200,False,10,3806359170,,,,,,,,
306,1.4762334561870047,-0.108,0.1,['NOT_B,std,2,2,2,median,False,,,,,True,None,True,0.5,2000,True,0.1,3806878894,,,,,,,,
307,1.4765305902826034,-0.107,0.1,['NOT_B,std,2,2,2,median,False,,,,,True,None,True,0.5,2000,True,0.5,3807306368,,,,,,,,
308,1.478414051077631,-0.104,0.1,['NOT_B,std,2,2,2,median,False,,,,,True,None,True,0.5,2000,True,10,3807646074,,,,,,,,
309,0.3663321561632418,-0.136,0.1,['NOT_B,std,2,2,2,median,False,,,,,True,None,True,0.5,2000,False,0.1,3808020280,,,,,,,,
310,0.3663321561632418,-0.136,0.1,['NOT_B,std,2,2,2,median,False,,,,,True,None,True,0.5,2000,False,0.5,3808327930,,,,,,,,
311,0.3663321561632418,-0.136,0.1,['NOT_B,std,2,2,2,median,False,,,,,True,None,True,0.5,2000,False,10,3808737298,,,,,,,,
312,1.4765305902826034,-0.107,0.1,['NOT_B,std,2,2,2,median,False,,,,,True,None,True,0.5,10000,True,0.1,3809175426,,,,,,,,
313,1.4766733439041617,-0.107,0.1,['NOT_B,std,2,2,2,median,False,,,,,True,None,True,0.5,10000,True,0.5,3809604290,,,,,,,,
314,0.5707102117557793,0.289,0.1,['NOT_B,std,2,2,2,median,False,,,,,True,None,True,0.5,10000,True,10,3810053038,,,,,,,,
315,0.3663321561632418,-0.136,0.1,['NOT_B,std,2,2,2,median,False,,,,,True,None,True,0.5,10000,False,0.1,3810512192,,,,,,,,
316,0.3663321561632418,-0.136,0.1,['NOT_B,std,2,2,2,median,False,,,,,True,None,True,0.5,10000,False,0.5,3810981662,,,,,,,,
317,0.3663321561632418,-0.136,0.1,['NOT_B,std,2,2,2,median,False,,,,,True,None,True,0.5,10000,False,10,3811419962,,,,,,,,
318,1.4749084735159428,-0.107,0.1,['NOT_B,std,2,2,2,median,False,,,,,True,None,False,0.5,0.1,True,0.1,3811848274,,,,,,,,
319,1.4743130640569828,-0.107,0.1,['NOT_B,std,2,2,2,median,False,,,,,True,None,False,0.5,0.1,True,0.5,3812356912,,,,,,,,
320,1.4764204705145243,-0.108,0.1,['NOT_B,std,2,2,2,median,False,,,,,True,None,False,0.5,0.1,True,10,3812756168,,,,,,,,
321,-inf,-0.149,0.1,['NOT_B,std,2,2,2,median,False,,,,,True,None,False,0.5,0.1,False,0.1,3813187102,,,,,,,,
322,-inf,-0.149,0.1,['NOT_B,std,2,2,2,median,False,,,,,True,None,False,0.5,0.1,False,0.5,3813653450,,,,,,,,
323,-inf,-0.149,0.1,['NOT_B,std,2,2,2,median,False,,,,,True,None,False,0.5,0.1,False,10,3814103412,,,,,,,,
324,1.4762334561870047,-0.108,0.1,['NOT_B,std,2,2,2,median,False,,,,,True,None,False,0.5,200,True,0.1,3814551874,,,,,,,,
325,1.4762334561870047,-0.108,0.1,['NOT_B,std,2,2,2,median,False,,,,,True,None,False,0.5,200,True,0.5,3814950000,,,,,,,,
326,1.4765743361003258,-0.107,0.1,['NOT_B,std,2,2,2,median,False,,,,,True,None,False,0.5,200,True,10,3815379182,,,,,,,,
327,-inf,-0.149,0.1,['NOT_B,std,2,2,2,median,False,,,,,True,None,False,0.5,200,False,0.1,3815787730,,,,,,,,
328,-inf,-0.149,0.1,['NOT_B,std,2,2,2,median,False,,,,,True,None,False,0.5,200,False,0.5,3816141678,,,,,,,,
329,-inf,-0.149,0.1,['NOT_B,std,2,2,2,median,False,,,,,True,None,False,0.5,200,False,10,3816465900,,,,,,,,
330,1.4762334561870047,-0.108,0.1,['NOT_B,std,2,2,2,median,False,,,,,True,None,False,0.5,2000,True,0.1,3816765096,,,,,,,,
331,1.4765305902826034,-0.107,0.1,['NOT_B,std,2,2,2,median,False,,,,,True,None,False,0.5,2000,True,0.5,3817154088,,,,,,,,
332,1.478414051077631,-0.104,0.1,['NOT_B,std,2,2,2,median,False,,,,,True,None,False,0.5,2000,True,10,3817622830,,,,,,,,
333,-inf,-0.149,0.1,['NOT_B,std,2,2,2,median,False,,,,,True,None,False,0.5,2000,False,0.1,3818042050,,,,,,,,
334,-inf,-0.149,0.1,['NOT_B,std,2,2,2,median,False,,,,,True,None,False,0.5,2000,False,0.5,3818430644,,,,,,,,
335,-inf,-0.149,0.1,['NOT_B,std,2,2,2,median,False,,,,,True,None,False,0.5,2000,False,10,3818789980,,,,,,,,
336,1.4765305902826034,-0.107,0.1,['NOT_B,std,2,2,2,median,False,,,,,True,None,False,0.5,10000,True,0.1,3819029374,,,,,,,,
337,1.4766733439041617,-0.107,0.1,['NOT_B,std,2,2,2,median,False,,,,,True,None,False,0.5,10000,True,0.5,3819309294,,,,,,,,
338,0.5707102117557793,0.289,0.1,['NOT_B,std,2,2,2,median,False,,,,,True,None,False,0.5,10000,True,10,3819697296,,,,,,,,
339,-inf,-0.149,0.1,['NOT_B,std,2,2,2,median,False,,,,,True,None,False,0.5,10000,False,0.1,3820205924,,,,,,,,
340,-inf,-0.149,0.1,['NOT_B,std,2,2,2,median,False,,,,,True,None,False,0.5,10000,False,0.5,3820675384,,,,,,,,
341,-inf,-0.149,0.1,['NOT_B,std,2,2,2,median,False,,,,,True,None,False,0.5,10000,False,10,3821273060,,,,,,,,
342,0.6809778143105826,0.098,0.1,['NOT_B,std,2,2,2,median,False,,,,,,,,,,,,3821772096,True,False,,,,,,
